-- phpMyAdmin SQL Dump
-- version 4.4.10
-- http://www.phpmyadmin.net
--
-- Host: localhost:3306
-- Generation Time: Apr 13, 2016 at 04:31 PM
-- Server version: 5.5.42
-- PHP Version: 7.0.0

SET SQL_MODE = "NO_AUTO_VALUE_ON_ZERO";
SET time_zone = "+00:00";

--
-- Database: `dte`
--

-- --------------------------------------------------------

--
-- Table structure for table `bwstaffs`
--

CREATE TABLE `bwstaffs` (
  `id` int(10) unsigned NOT NULL,
  `name` varchar(255) COLLATE utf8_unicode_ci NOT NULL,
  `surname` varchar(255) COLLATE utf8_unicode_ci NOT NULL,
  `cellnum` varchar(255) COLLATE utf8_unicode_ci NOT NULL,
  `cellnum2` varchar(255) COLLATE utf8_unicode_ci NOT NULL,
  `email` varchar(255) COLLATE utf8_unicode_ci NOT NULL,
  `address` varchar(255) COLLATE utf8_unicode_ci NOT NULL,
  `created_at` timestamp NOT NULL DEFAULT CURRENT_TIMESTAMP ON UPDATE CURRENT_TIMESTAMP,
  `updated_at` timestamp NOT NULL DEFAULT '0000-00-00 00:00:00'
) ENGINE=InnoDB AUTO_INCREMENT=3 DEFAULT CHARSET=utf8 COLLATE=utf8_unicode_ci;

--
-- Dumping data for table `bwstaffs`
--

INSERT INTO `bwstaffs` (`id`, `name`, `surname`, `cellnum`, `cellnum2`, `email`, `address`, `created_at`, `updated_at`) VALUES
(1, 'jacques tredoux', 'tredoux', '+27834414239', '+27834414239', 'jacques.trdx@gmail.com', '480 banket street', '2016-04-11 11:31:27', '2016-04-11 11:31:27'),
(2, 'Frederick ', 'Miles', '0748827886', '', 'frederick@bronbergwisp.co.za', 'Elarduspark', '2016-04-12 08:22:00', '2016-04-12 06:22:00');

-- --------------------------------------------------------

--
-- Table structure for table `devices`
--

CREATE TABLE `devices` (
  `id` int(10) unsigned NOT NULL,
  `name` varchar(255) COLLATE utf8_unicode_ci NOT NULL,
  `ip` varchar(255) COLLATE utf8_unicode_ci NOT NULL,
  `temp` double(8,2) NOT NULL,
  `cpu` varchar(255) COLLATE utf8_unicode_ci NOT NULL,
  `total_memory` varchar(255) COLLATE utf8_unicode_ci NOT NULL,
  `free_memory` varchar(255) COLLATE utf8_unicode_ci NOT NULL,
  `active_pppoe` int(10) unsigned NOT NULL,
  `active_stations` int(10) unsigned NOT NULL,
  `avg_ccq` int(11) NOT NULL,
  `volts` varchar(255) COLLATE utf8_unicode_ci NOT NULL,
  `current` varchar(255) COLLATE utf8_unicode_ci NOT NULL,
  `soft` varchar(255) COLLATE utf8_unicode_ci NOT NULL,
  `firm` varchar(255) COLLATE utf8_unicode_ci NOT NULL,
  `ping` varchar(255) COLLATE utf8_unicode_ci NOT NULL,
  `location_id` varchar(255) COLLATE utf8_unicode_ci NOT NULL,
  `devicetype_id` varchar(255) COLLATE utf8_unicode_ci NOT NULL,
  `created_at` timestamp NULL DEFAULT NULL,
  `updated_at` timestamp NULL DEFAULT NULL,
  `model` varchar(255) COLLATE utf8_unicode_ci NOT NULL,
  `uptime` varchar(255) COLLATE utf8_unicode_ci NOT NULL,
  `used_memory` varchar(255) COLLATE utf8_unicode_ci NOT NULL
) ENGINE=InnoDB AUTO_INCREMENT=213 DEFAULT CHARSET=utf8 COLLATE=utf8_unicode_ci;

--
-- Dumping data for table `devices`
--

INSERT INTO `devices` (`id`, `name`, `ip`, `temp`, `cpu`, `total_memory`, `free_memory`, `active_pppoe`, `active_stations`, `avg_ccq`, `volts`, `current`, `soft`, `firm`, `ping`, `location_id`, `devicetype_id`, `created_at`, `updated_at`, `model`, `uptime`, `used_memory`) VALUES
(1, 'Ultimate Core', '10.0.0.28', 36.00, '36', '2033516544', '169672704', 2, 24, 1341, '23.8', '1380', '6.33.3 (stable)', '3.27', '1', '115', '1', '0000-00-00 00:00:00', '2016-04-13 09:55:35', 'CCR1016-12S-1S+', '8w5d7h31m50s', '91.656192594'),
(3, 'PPPoE 10.0.0.21', '10.0.0.21', 35.00, '9', '2033516544', '1292173312', 304, 23, 1427, '24', '1174', '6.32.3', '3.27', '1', '115', '1', '0000-00-00 00:00:00', '2016-04-13 09:55:38', 'CCR1016-12G', '15w3d8h1m2s', '36.4562183764'),
(10, 'NAS 10.0.0.3', '10.0.0.3', 36.00, '6', '4161994752', '3537305600', 0, 23, 1427, '24.1', '1342', '6.19', '3.18', '1', '115', '1', '0000-00-00 00:00:00', '2016-04-13 09:55:40', 'CCR1036-12G-4S', '21w4d19h10m4s', '15.0093690459'),
(19, 'MagaliesKruin', '192.168.80.1', 42.00, '36', '134217728', '101912576', 39, 23, 1427, '23.3', 'n/a', '6.34.3 (stable)', '3.18', '1', '29', '1', '0000-00-00 00:00:00', '2016-04-13 09:55:43', 'RB2011UiAS', '3w4d22h52m38s', '24.0692138672'),
(20, 'GroenKloof', '192.168.70.14', 0.00, '42', '67108864', '32415744', 21, 23, 1427, 'n/a', 'n/a', '6.13', '3.14', '1', '113', '1', '0000-00-00 00:00:00', '2016-04-13 09:55:47', 'RB2011iL', '6w1d01:57:35', '51.6967773438'),
(21, 'Faerie_Glen_Res', '10.100.3.129', 44.00, '6', '134217728', '103153664', 7, 23, 1427, '23.8', 'n/a', '6.34.3 (stable)', '3.24', '1', '63', '1', '0000-00-00 00:00:00', '2016-04-13 09:55:50', 'RB2011UiAS', '1w2d23h32m9s', '23.14453125'),
(23, 'Lammers 1 Mikrotik', '10.100.0.129', 42.00, '3', '978714624', '719781888', 43, 23, 1427, '24', '787', '6.34.3 (stable)', '3.27', '1', '73', '1', '0000-00-00 00:00:00', '2016-04-13 09:55:53', 'CCR1009-8G-1S', '1w5h7m36s', '26.4564081961'),
(24, 'Lammers 1 Wifi', '10.100.0.14', 42.00, '1', '978714624', '719978496', 43, 23, 1427, '23.9', '785', '6.34.3 (stable)', '3.27', '1', '73', '1', '0000-00-00 00:00:00', '2016-04-13 09:55:56', 'CCR1009-8G-1S', '1w5h7m40s', '26.4363198072'),
(26, 'Lammers 3 Mikrotik', '10.100.2.2', 77.00, '26', '134217728', '100347904', 70, 23, 1427, '23.3', 'n/a', '6.34.3 (stable)', '3.24', '1', '76', '1', '0000-00-00 00:00:00', '2016-04-13 09:55:59', 'RB2011UiAS', '1w1d3h56m', '25.2349853516'),
(27, 'PieterDelport', '10.100.5.129', 49.00, '24', '134217728', '102350848', 38, 23, 1427, '23.5', 'n/a', '6.34.3 (stable)', '3.22', '1', '111', '1', '0000-00-00 00:00:00', '2016-04-13 09:56:02', 'RB2011UiAS', '3w5d17h24m31s', '23.7426757812'),
(28, 'Menlopark', '10.100.42.129', 41.00, '2', '978845696', '732430336', 65, 23, 1427, '24.2', '723', '6.29.1', '3.26', '1', '114', '1', '0000-00-00 00:00:00', '2016-04-13 09:56:06', 'CCR1009-8G-1S', '6d22h44m1s', '25.1740760578'),
(29, 'Heights mikrotik', '10.100.37.129', 37.00, '97', '134217728', '96428032', 15, 23, 1427, '239', 'n/a', '6.15', '3.16', '1', '53', '1', '0000-00-00 00:00:00', '2016-04-13 09:56:14', 'RB2011UiAS', '4w6d05:59:51', '28.1555175781'),
(30, 'Lyttleton', '10.100.6.9', 38.00, '29', '134217728', '95010816', 30, 23, 1427, '12', 'n/a', '6.34.3 (stable)', '3.18', '1', '94', '1', '0000-00-00 00:00:00', '2016-04-13 09:56:17', 'RB2011UiAS', '1w2d23h32m35s', '29.2114257812'),
(31, 'Derdepoort', '10.100.43.129', 39.00, '28', '134217728', '102567936', 9, 23, 1427, '23.9', 'n/a', '6.34.3 (stable)', '3.18', '1', '110', '1', '0000-00-00 00:00:00', '2016-04-13 09:56:21', 'RB2011UiAS', '1w2d23h32m38s', '23.5809326172'),
(32, 'TFWB-Wonder-Nek', '10.100.46.14', 43.00, '4', '134217728', '104759296', 24, 23, 1427, '235', 'n/a', '6.15', '3.18', '1', '27', '1', '0000-00-00 00:00:00', '2016-04-13 09:56:23', 'RB2011UiAS', '6d23:47:50', '21.9482421875'),
(34, 'Lyttleton', '10.100.6.129', 38.00, '28', '134217728', '95059968', 30, 23, 1427, '12', 'n/a', '6.34.3 (stable)', '3.18', '1', '94', '1', '0000-00-00 00:00:00', '2016-04-13 09:56:27', 'RB2011UiAS', '1w2d23h32m45s', '29.1748046875'),
(36, 'Temba', '10.100.47.129', 45.00, '2', '978845696', '820183040', 18, 23, 1427, '24', '795', '6.29.1', '3.26', '1', '6', '1', '0000-00-00 00:00:00', '2016-04-13 09:56:30', 'CCR1009-8G-1S', '3h30m48s', '16.2091590787'),
(37, 'TFWB-Vodacom', '10.100.50.129', 28.00, '94', '134217728', '99377152', 2, 23, 1427, '235', 'n/a', '6.15', '3.18', '1', '110', '1', '0000-00-00 00:00:00', '2016-04-13 09:56:37', 'RB2011UiAS', '25w1d22:07:17', '25.9582519531'),
(38, 'Elarduspark', '10.100.51.129', 44.00, '22', '134217728', '100999168', 25, 23, 1427, '24.1', 'n/a', '6.23', '3.19', '1', '93', '1', '0000-00-00 00:00:00', '2016-04-13 09:56:42', 'RB2011UiAS', '2w1d14h26m15s', '24.7497558594'),
(39, 'Erasmusrand', '10.100.48.129', 39.00, '100', '134217728', '102395904', 26, 23, 1427, '23.8', 'n/a', '6.29.1', '3.22', '1', '110', '1', '0000-00-00 00:00:00', '2016-04-13 09:56:45', 'RB2011UiAS', '1w2d23h33m4s', '23.7091064453'),
(40, 'Lammers4', '10.100.4.129', 0.00, '80', '67108864', '29732864', 83, 23, 1427, 'n/a', 'n/a', '6.34.3 (stable)', '3.24', '1', '110', '1', '0000-00-00 00:00:00', '2016-04-13 09:56:49', 'RB2011iLS', '2w5h30m35s', '55.6945800781'),
(41, 'SwavelPoort', '10.100.53.14', 0.00, '98', '67108864', '38969344', 33, 23, 1427, 'n/a', 'n/a', '6.15', '3.18', '1', '110', '1', '0000-00-00 00:00:00', '2016-04-13 09:56:56', 'RB2011iLS', '5w3d14:26:29', '41.9311523438'),
(42, 'Moreleta', '10.100.44.129', 40.00, '87', '134217728', '89014272', 44, 23, 1427, '23.3', 'n/a', '6.34.1 (stable)', '3.24', '1', '110', '1', '0000-00-00 00:00:00', '2016-04-13 09:57:00', 'RB2011UiAS', '1w2d23h33m18s', '33.6791992188'),
(43, 'Gomes', '10.100.55.129', 0.00, '3', '67108864', '41664512', 2, 23, 1427, 'n/a', 'n/a', '6.15', '3.18', '1', '109', '1', '0000-00-00 00:00:00', '2016-04-13 09:57:04', 'RB2011iLS', '2w6d02:21:58', '37.9150390625'),
(44, 'Wapadrand', '10.100.52.129', 38.00, '39', '134217728', '104517632', 10, 23, 1427, '234', 'n/a', '6.15', '3.18', '1', '66', '1', '0000-00-00 00:00:00', '2016-04-13 09:57:08', 'RB2011UiAS', '5w00:50:37', '22.1282958984'),
(45, 'Amberfield', '10.100.57.129', 38.00, '10', '134217728', '101134336', 17, 23, 1427, '23.9', 'n/a', '6.33.5 (stable)', '3.24', '1', '102', '1', '0000-00-00 00:00:00', '2016-04-13 09:57:11', 'RB2011UiAS', '1w2d23h33m30s', '24.6490478516'),
(46, 'ConstantiaPark', '10.100.49.129', 38.00, '40', '134217728', '97583104', 68, 23, 1427, '23.8', 'n/a', '6.33.3 (stable)', '3.24', '1', '87', '1', '0000-00-00 00:00:00', '2016-04-13 09:57:14', 'RB2011UiAS', '1w2d23h33m31s', '27.294921875'),
(47, 'Sosh-Hs007', '10.100.58.129', 0.00, '1', '67108864', '43667456', 4, 23, 1427, 'n/a', 'n/a', '6.15', '3.18', '1', '9', '1', '0000-00-00 00:00:00', '2016-04-13 09:57:19', 'RB2011iLS', '4w4d01:45:42', '34.9304199219'),
(48, 'Centurion Lake', '10.100.11.129', 46.00, '7', '134217728', '99045376', 4, 23, 1427, '23.6', 'n/a', '6.33.3 (stable)', '3.24', '1', '110', '1', '0000-00-00 00:00:00', '2016-04-13 09:57:22', 'RB2011UiAS', '13w23h1m3s', '26.2054443359'),
(49, 'Montana', '10.100.59.129', 43.00, '96', '134217728', '99348480', 37, 23, 1427, '240', 'n/a', '6.15', '3.16', '1', '30', '1', '0000-00-00 00:00:00', '2016-04-13 09:57:29', 'RB2011UiAS', '5w5d14:27:00', '25.9796142578'),
(50, 'TFWB-Hercules', '10.100.62.129', 0.00, '11', '67108864', '41631744', 19, 24, 1427, 'n/a', 'n/a', '6.15', '3.18', '1', '40', '1', '0000-00-00 00:00:00', '2016-04-13 09:57:33', 'RB2011iLS', '1w2d23:32:51', '37.9638671875'),
(51, 'TFWB-Uitsig', '10.100.63.129', 34.00, '18', '134217728', '93528064', 28, 24, 1427, '24', 'n/a', '6.34.1 (stable)', '3.19', '1', '97', '1', '0000-00-00 00:00:00', '2016-04-13 09:57:36', 'RB2011UiAS', '6w5h3m38s', '30.3161621094'),
(52, 'TFWB-Faerie Glen 4', '10.100.61.129', 47.00, '4', '978714624', '721879040', 71, 24, 1427, '24.2', '867', '6.34.4 (stable)', '3.27', '1', '110', '1', '0000-00-00 00:00:00', '2016-04-13 09:57:38', 'CCR1009-8G-1S', '5d17h57m23s', '26.2421320477'),
(53, 'Ekandustria', '10.100.69.129', 39.00, '1', '134217728', '108150784', 1, 24, 1427, '24.1', 'n/a', '6.23', '3.19', '1', '38', '1', '0000-00-00 00:00:00', '2016-04-13 09:57:41', 'RB2011UiAS', '6d14h52m45s', '19.4213867188'),
(54, 'Roodeplaat', '10.100.67.14', 43.00, '0', '979697664', '749338624', 2, 24, 1427, '24.1', '740', '6.23', '3.21', '1', '110', '1', '0000-00-00 00:00:00', '2016-04-13 09:57:44', 'CCR1009-8G-1S', '11w2m1s', '23.5132784802'),
(55, 'Twin City', '10.100.70.129', 0.00, '28', '67108864', '41218048', 7, 24, 1427, 'n/a', 'n/a', '6.29.1', '3.18', '1', '61', '1', '0000-00-00 00:00:00', '2016-04-13 09:57:47', 'RB2011iLS', '1d1h8m17s', '38.5803222656'),
(56, 'Mnandi', '10.100.54.129', 31.00, '0', '979697664', '746389504', 2, 24, 1427, '24.1', '663', '6.23', '3.21', '1', '105', '1', '0000-00-00 00:00:00', '2016-04-13 09:57:51', 'CCR1009-8G-1S', '12w6d5h27m56s', '23.81430196'),
(57, 'Carina', '10.100.40.14', 38.00, '8', '134217728', '98705408', 9, 24, 1427, '24', 'n/a', '6.23', '3.19', '1', '110', '1', '0000-00-00 00:00:00', '2016-04-13 09:57:55', 'RB2011UiAS', '1w2d23h34m12s', '26.4587402344'),
(58, 'Groenkloof', '192.168.81.1', 0.00, '28', '67108864', '32698368', 21, 24, 1427, 'n/a', 'n/a', '6.13', '3.14', '1', '110', '1', '0000-00-00 00:00:00', '2016-04-13 09:57:58', 'RB2011iL', '6w1d01:59:47', '51.2756347656'),
(59, 'Faerie Glen 3', '10.100.64.129', 37.00, '0', '978714624', '728432640', 21, 24, 1427, '24.3', '692', '6.34.1 (stable)', '3.27', '1', '110', '1', '0000-00-00 00:00:00', '2016-04-13 09:58:02', 'CCR1009-8G-1S', '8w5d13h36m21s', '25.572519084'),
(60, 'Kusile', '10.100.56.14', 44.00, '0', '17032740864', '16482041856', 4, 24, 1427, '24.1', '1682', '6.22', '3.19', '1', '110', '1', '0000-00-00 00:00:00', '2016-04-13 09:58:04', 'CCR1036-8G-2S+', '6w2d21h57m51s', '3.23317904263'),
(61, 'Mooikloof 2', '10.100.26.129', 51.00, '0', '528687104', '503627776', 34, 24, 1427, '11.3', 'n/a', '6.34.2 (stable)', '3.10', '1', '110', '1', '0000-00-00 00:00:00', '2016-04-13 09:58:07', 'RB1200', '1w2d23h33m14s', '4.73991663697'),
(62, 'Bronkhortspsruit', '10.100.75.129', 37.00, '9', '134217728', '108089344', 10, 24, 1427, '23.5', 'n/a', '6.30.2', '3.24', '1', '110', '1', '0000-00-00 00:00:00', '2016-04-13 09:58:10', 'RB2011UiAS', '5w5d7h6m37s', '19.4671630859'),
(63, 'Tulip', '10.100.15.129', 0.00, '14', '67108864', '39149568', 7, 24, 1427, 'n/a', 'n/a', '6.33.3 (stable)', '3.18', '1', '103', '1', '0000-00-00 00:00:00', '2016-04-13 09:58:13', 'RB2011iLS', '1w2d23h34m5s', '41.6625976562'),
(64, 'Farm Inn West', '10.100.72.129', 36.00, '10', '134217728', '102756352', 20, 24, 1427, '23.9', 'n/a', '6.34.3 (stable)', '3.24', '1', '110', '1', '0000-00-00 00:00:00', '2016-04-13 09:58:16', 'RB2011UiAS', '1w2d23h34m35s', '23.4405517578'),
(65, 'Wilgers 1', '10.100.31.129', 40.00, '3', '978714624', '739966976', 30, 24, 1427, '24', '817', '6.34.3 (stable)', '3.27', '1', '110', '1', '0000-00-00 00:00:00', '2016-04-13 09:58:19', 'CCR1009-8G-1S', '1w2d23h34m31s', '24.3940002678'),
(66, 'Wilgers 2', '10.100.33.129', 40.00, '1', '978714624', '741998592', 15, 24, 1427, '23.8', '814', '6.34.3 (stable)', '3.27', '1', '110', '1', '0000-00-00 00:00:00', '2016-04-13 09:58:22', 'CCR1009-8G-1S', '1w2d23h34m32s', '24.1864202491'),
(67, 'Vibro Roslyn', '10.100.80.129', 42.00, '25', '134217728', '105259008', 2, 24, 1427, '23.9', 'n/a', '6.34.4 (stable)', '3.30', '1', '22', '1', '0000-00-00 00:00:00', '2016-04-13 09:58:25', 'RB2011UiAS', '1w4h45m43s', '21.5759277344'),
(68, 'FarmInn East', '10.100.73.129', 53.00, '66', '134217728', '94715904', 104, 24, 1427, '23.5', 'n/a', '6.33.3 (stable)', '3.24', '1', '74', '1', '0000-00-00 00:00:00', '2016-04-13 09:58:29', 'RB2011UiAS', '1w2d23h34m46s', '29.4311523438'),
(69, 'Harties', '10.100.74.129', 35.00, '2', '134217728', '100921344', 30, 24, 1427, '24.1', 'n/a', '6.30.2', '3.24', '1', '110', '1', '0000-00-00 00:00:00', '2016-04-13 09:58:33', 'RB2011UiAS', '2w1d21h25m18s', '24.8077392578'),
(70, 'brakfontein', '10.100.83.129', 25.00, '0', '978714624', '723714048', 18, 24, 1427, '24', '741', '6.33.3 (stable)', '3.27', '1', '110', '1', '0000-00-00 00:00:00', '2016-04-13 09:58:36', 'CCR1009-8G-1S', '16w2d2m13s', '26.0546404178'),
(71, 'Balboa Blok9', '10.100.104.2', 366.00, '2016', '2016/05/31 10:27', '1', 1, 24, 1427, '1', '2w 5d 12h 26m 54s ', '6.33.5 (stable)', '91', 'CCR1016-12S-1S+', '110', '1', '0000-00-00 00:00:00', '0000-00-00 00:00:00', '', '', ''),
(72, 'MurrayField', '10.100.81.129', 61.00, '35', '134217728', '97730560', 18, 24, 1427, '23.6', 'n/a', '6.34.2 (stable)', '3.22', '1', '110', '1', '0000-00-00 00:00:00', '2016-04-13 09:58:52', 'RB2011UiAS', '4w2d2h6m42s', '27.1850585938'),
(73, 'Stanley Park - Block9', '10.10.104.2', 47.00, '5', '134217728', '109957120', 4, 24, 1427, '23.7', 'n/a', '6.32.2', '3.24', '1', '110', '1', '0000-00-00 00:00:00', '2016-04-13 09:58:55', 'RB2011UiAS', '3w3d11h13m31s', '18.0755615234'),
(74, 'Stanleypark Block 13', '10.10.102.6', 0.00, '0', '134217728', '109711360', 2, 24, 1427, 'n/a', 'n/a', '6.29.1', '3.22', '1', '110', '1', '0000-00-00 00:00:00', '2016-04-13 09:58:59', 'RB2011UiAS', '3w3d11h13m10s', '18.2586669922'),
(75, 'Stanley Park - Block 14', '10.10.102.33', 25.00, '8', '134217728', '110116864', 3, 24, 1427, '23.7', 'n/a', '6.29.1', '3.22', '1', '110', '1', '0000-00-00 00:00:00', '2016-04-13 09:59:02', 'RB2011UiAS', '3w3d11h13m12s', '17.9565429688'),
(76, 'balboatop', '10.10.100.33', 34.00, '100', '134217728', '91598848', 1, 24, 1427, '24.2', 'n/a', '6.33.3 (stable)', '3.24', '1', '110', '1', '0000-00-00 00:00:00', '2016-04-13 09:59:06', 'RB2011UiAS', '8w2d4h8m39s', '31.7535400391'),
(77, 'Balboa Park Block 11', '10.10.101.33', 28.00, '3', '134217728', '111636480', 0, 24, 1427, '23.7', 'n/a', '6.23', '3.19', '1', '110', '1', '0000-00-00 00:00:00', '2016-04-13 09:59:09', 'RB2011UiAS', '3w3d11h12m48s', '16.8243408203'),
(78, 'StanleyParkBlok3', '10.10.100.10', 28.00, '12', '134217728', '112066560', 2, 24, 1427, '23.8', 'n/a', '6.23', '3.19', '1', '110', '1', '0000-00-00 00:00:00', '2016-04-13 09:59:11', 'RB2011UiAS', '3h8m26s', '16.50390625'),
(79, 'Block 2 Balboa', '10.10.100.65', 21.00, '0', '134217728', '109211648', 0, 24, 1427, '23.5', 'n/a', '6.33.3 (stable)', '3.24', '1', '110', '1', '0000-00-00 00:00:00', '2016-04-13 04:54:12', 'RB2011UiAS', '3w3d6h7m53s', '18.6309814453'),
(80, 'Balboa Park Block 12', '10.10.102.49', 24.00, '2', '134217728', '111415296', 2, 24, 1427, '23.9', 'n/a', '6.23', '3.22', '1', '110', '1', '0000-00-00 00:00:00', '2016-04-13 09:59:28', 'RB2011UiAS', '3w3d11h13m34s', '16.9891357422'),
(81, 'Faerie glen 1', '10.100.88.129', 54.00, '0', '4159242240', '3699572736', 2, 24, 1427, '23', '1841', '6.33.3 (stable)', '3.27', '1', '67', '1', '0000-00-00 00:00:00', '2016-04-13 09:59:31', 'CCR1036-12G-4S', '1w2d23h35m45s', '11.051760813'),
(82, 'Sandvlakte', '10.100.65.129', 0.00, '2', '67108864', '45535232', 0, 24, 1427, 'n/a', 'n/a', '6.15', '3.18', '1', '110', '1', '0000-00-00 00:00:00', '2016-04-13 09:59:34', 'RB2011iLS', '5d02:07:09', '32.1472167969'),
(83, 'greenstoneblock22', '10.10.97.145', 26.00, '2', '134217728', '110440448', 1, 24, 1427, '23.4', 'n/a', '6.33.3 (stable)', '3.24', '1', '110', '1', '0000-00-00 00:00:00', '2016-04-13 09:59:38', 'RB2011UiAS', '1d3h30m8s', '17.7154541016'),
(84, 'Baviaanspoort', '10.100.85.129', 39.00, '10', '134217728', '105906176', 3, 24, 1427, '24.2', 'n/a', '6.29.1', '3.22', '1', '110', '1', '0000-00-00 00:00:00', '2016-04-13 09:59:41', 'RB2011UiAS', '5d5h17m39s', '21.09375'),
(85, 'Greenstone Block 12', '10.10.96.241', 25.00, '8', '134217728', '109105152', 1, 24, 1427, '23.6', 'n/a', '6.33.3 (stable)', '3.24', '1', '110', '1', '0000-00-00 00:00:00', '2016-04-13 09:59:45', 'RB2011UiAS', '1d3h30m16s', '18.7103271484'),
(86, 'Block 4 Greenston', '10.10.96.37', 27.00, '2', '134217728', '109297664', 1, 24, 1427, '24', 'n/a', '6.33.3 (stable)', '3.24', '1', '110', '1', '0000-00-00 00:00:00', '2016-04-13 09:59:48', 'RB2011UiAS', '1d3h30m19s', '18.5668945312'),
(87, 'Greenstone Block 16', '10.10.96.49', 27.00, '4', '134217728', '109137920', 3, 24, 1427, '23.5', 'n/a', '6.33.3 (stable)', '3.24', '1', '110', '1', '0000-00-00 00:00:00', '2016-04-13 09:59:52', 'RB2011UiAS', '1d3h30m23s', '18.6859130859'),
(88, 'Wonderboom', '10.100.21.129', 36.00, '31', '2033516544', '855965696', 2, 24, 1427, '23.8', '1371', '6.33.3 (stable)', '3.27', '1', '28', '1', '0000-00-00 00:00:00', '2016-04-13 09:59:55', 'CCR1016-12S-1S+', '8w5d7h36m10s', '57.9071191466'),
(89, 'Greenstone Block 3', '10.10.96.97', 27.00, '3', '134217728', '108822528', 1, 24, 1427, '24', 'n/a', '6.33.3 (stable)', '3.24', '1', '110', '1', '0000-00-00 00:00:00', '2016-04-13 09:59:58', 'RB2011UiAS', '1d3h30m28s', '18.9208984375'),
(90, 'PTA East Hospital', '10.100.78.129', 32.00, '8', '134217728', '110186496', 7, 24, 1427, '23.9', 'n/a', '6.23', '3.22', '1', '110', '1', '0000-00-00 00:00:00', '2016-04-13 10:00:01', 'RB2011UiAS', '1d4h55m57s', '17.9046630859'),
(91, 'Greenstone Block 13', '10.10.96.46', 30.00, '4', '134217728', '109375488', 1, 24, 1427, '24.2', 'n/a', '6.33.3 (stable)', '3.24', '1', '110', '1', '0000-00-00 00:00:00', '2016-04-13 10:00:06', 'RB2011UiAS', '1d3h30m36s', '18.5089111328'),
(92, 'Greenstone block 14', '10.10.96.47', 23.00, '7', '134217728', '109371392', 1, 24, 1427, '23.7', 'n/a', '6.33.3 (stable)', '3.24', '1', '110', '1', '0000-00-00 00:00:00', '2016-04-13 10:00:10', 'RB2011UiAS', '1d3h30m40s', '18.5119628906'),
(93, 'CBD', '10.100.18.129', 48.00, '2', '2033516544', '1672151040', 16, 24, 1427, '23.9', '1112', '6.33.3 (stable)', '3.27', '1', '110', '1', '0000-00-00 00:00:00', '2016-04-13 10:00:12', 'CCR1016-12G', '4w5d21h51m17s', '17.7704727835'),
(94, 'Loft Apartments', '10.100.19.129', 28.00, '26', '134217728', '104603648', 5, 24, 1427, '23.5', 'n/a', '6.34.3 (stable)', '3.22', '1', '110', '1', '0000-00-00 00:00:00', '2016-04-13 10:00:14', 'RB2011UiAS', '2w15h50m9s', '22.0642089844'),
(95, 'Core 1', '10.99.0.129', 0.00, '2', '16991649792', '15918694400', 0, 24, 1427, 'n/a', 'n/a', '6.34.2 (stable)', '3.27', '1', '115', '1', '0000-00-00 00:00:00', '2016-04-13 10:00:16', 'CCR1072-1G-8S+', '6w1d23h13m42s', '6.31460396803'),
(96, 'Mooikloof 1', '10.100.25.129', 54.00, '7', '528687104', '500404224', 50, 24, 1427, '12.3', 'n/a', '6.34.2 (stable)', '3.10', '1', '110', '1', '0000-00-00 00:00:00', '2016-04-13 10:00:20', 'RB1200', '6d17h16m44s', '5.34964439004'),
(97, 'TFWB-Saartjies_Nek', '10.100.86.129', 40.00, '45', '134217728', '93331456', 13, 24, 1427, '23.6', 'n/a', '6.30.1', '3.18', '1', '110', '1', '0000-00-00 00:00:00', '2016-04-13 10:00:22', 'RB2011UiAS', '9w6d18h17m', '30.4626464844'),
(98, 'Greenstone Block 20', '10.10.96.53', 29.00, '1', '134217728', '109301760', 1, 24, 1427, '23.5', 'n/a', '6.33.3 (stable)', '3.24', '1', '110', '1', '0000-00-00 00:00:00', '2016-04-13 10:00:25', 'RB2011UiAS', '1d3h30m55s', '18.5638427734'),
(100, 'Greenstone BLock 11', '10.10.96.44', 26.00, '14', '134217728', '109359104', 1, 23, 1427, '23.6', 'n/a', '6.33.3 (stable)', '3.24', '1', '110', '1', '0000-00-00 00:00:00', '2016-04-13 10:00:29', 'RB2011UiAS', '1d3h30m59s', '18.5211181641'),
(101, 'Greenstone Block 8', '10.10.96.41', 30.00, '0', '134217728', '110936064', 0, 23, 1427, '23.7', 'n/a', '6.33.3 (stable)', '3.24', '1', '110', '1', '0000-00-00 00:00:00', '2016-04-13 10:00:32', 'RB2011UiAS', '1d3h31m2s', '17.3461914062'),
(102, 'Kameeldrift', '10.100.30.129', 26.00, '2', '134217728', '103157760', 1, 23, 1427, '23.9', 'n/a', '6.34.3 (stable)', '3.19', '1', '110', '1', '0000-00-00 00:00:00', '2016-04-13 10:00:35', 'RB2011UiAS', '3w5d17h1m14s', '23.1414794922'),
(103, 'Greenstone Block 78', '10.10.97.161', 30.00, '2', '134217728', '110559232', 1, 23, 1427, '23.6', 'n/a', '6.33.3 (stable)', '3.24', '1', '110', '1', '0000-00-00 00:00:00', '2016-04-13 10:00:38', 'RB2011UiAS', '1d3h31m9s', '17.626953125'),
(104, 'Chamboard', '10.100.17.14', 40.00, '3', '978714624', '744882176', 67, 23, 1427, '24.1', '743', '6.34.2 (stable)', '3.27', '1', '110', '1', '0000-00-00 00:00:00', '2016-04-13 10:00:40', 'CCR1009-8G-1S', '5d2h27m20s', '23.8917905451'),
(105, 'Balboa Block 10', '10.10.104.34', 27.00, '1', '134217728', '112586752', 1, 23, 1427, '239', 'n/a', '6.15', '3.16', '1', '110', '1', '0000-00-00 00:00:00', '2016-04-13 10:00:45', 'RB2011UiAS', '3w3d11:14:26', '16.1163330078'),
(106, 'Greenstone Block 10', '10.10.96.43', 28.00, '1', '134217728', '110370816', 2, 23, 1427, '23.7', 'n/a', '6.33.3 (stable)', '3.24', '1', '110', '1', '0000-00-00 00:00:00', '2016-04-13 10:00:49', 'RB2011UiAS', '1d3h31m19s', '17.7673339844'),
(107, 'Rayton', '10.100.79.129', 35.00, '0', '134217728', '106901504', 3, 23, 1427, '24', 'n/a', '6.33.3 (stable)', '3.19', '1', '110', '1', '0000-00-00 00:00:00', '2016-04-13 10:00:52', 'RB2011UiAS', '3w2d5h30m31s', '20.3521728516'),
(108, 'Greenstone Block 19', '10.10.96.52', 27.00, '0', '134217728', '112017408', 2, 23, 1427, '23.6', 'n/a', '6.33.3 (stable)', '3.24', '1', '110', '1', '0000-00-00 00:00:00', '2016-04-13 10:00:55', 'RB2011UiAS', '1d3h31m25s', '16.5405273438'),
(109, 'Greenstone Block 27', '10.10.96.57', 30.00, '2', '134217728', '110919680', 1, 23, 1427, '23.7', 'n/a', '6.29.1', '3.22', '1', '110', '1', '0000-00-00 00:00:00', '2016-04-13 10:00:58', 'RB2011UiAS', '1d3h31m29s', '17.3583984375'),
(110, 'Greenstone BLock 27', '10.10.96.58', 27.00, '3', '134217728', '108871680', 3, 23, 1427, '23.9', 'n/a', '6.33.3 (stable)', '3.24', '1', '110', '1', '0000-00-00 00:00:00', '2016-04-13 10:01:02', 'RB2011UiAS', '1d3h31m32s', '18.8842773438'),
(111, 'Vibro Laudium', '10.100.20.129', 38.00, '0', '978714624', '746717184', 8, 23, 1427, '24.3', '780', '6.34.3 (stable)', '3.27', '1', '110', '1', '0000-00-00 00:00:00', '2016-04-13 10:01:05', 'CCR1009-8G-1S', '3w5d17h3m15s', '23.7042989152'),
(112, 'Amandasig', '10.100.22.129', 31.00, '1', '978714624', '742064128', 33, 23, 1427, '24', '744', '6.34.3 (stable)', '3.27', '1', '110', '1', '0000-00-00 00:00:00', '2016-04-13 10:01:08', 'CCR1009-8G-1S', '1w5d10h40m16s', '24.1797241195'),
(113, 'Greenstone Block 17', '10.10.96.50', 30.00, '0', '134217728', '110501888', 1, 23, 1427, '24.2', 'n/a', '6.33.3 (stable)', '3.24', '1', '110', '1', '0000-00-00 00:00:00', '2016-04-13 10:01:12', 'RB2011UiAS', '1d3h31m42s', '17.6696777344'),
(114, 'Greenstone Block 26', '10.10.96.59', 27.00, '0', '134217728', '110342144', 2, 23, 1427, '23.7', 'n/a', '6.33.3 (stable)', '3.24', '1', '110', '1', '0000-00-00 00:00:00', '2016-04-13 10:01:16', 'RB2011UiAS', '1d3h31m46s', '17.7886962891'),
(115, 'Bronkhorstbaai-HS', '10.100.89.129', 23.00, '2', '134217728', '107573248', 4, 23, 1427, '23.8', 'n/a', '6.30.4', '3.24', '1', '110', '1', '0000-00-00 00:00:00', '2016-04-13 10:01:19', 'RB2011UiAS', '12w6d23h16m43s', '19.8516845703'),
(116, 'Rooihuiskraal', '10.100.90.129', 36.00, '1', '978845696', '745340928', 2, 23, 1427, '24.2', '817', '6.29.1', '3.26', '1', '110', '1', '0000-00-00 00:00:00', '2016-04-12 04:37:08', 'CCR1009-8G-1S', '1w1d18h13m24s', '23.855115158'),
(117, 'Greenstone Block 25', '10.10.96.161', 28.00, '2', '134217728', '112046080', 2, 23, 1427, '24.2', 'n/a', '6.33.3 (stable)', '3.24', '1', '110', '1', '0000-00-00 00:00:00', '2016-04-13 10:01:35', 'RB2011UiAS', '1d3h32m5s', '16.5191650391'),
(118, 'Greenstone Block 6', '10.10.96.61', 25.00, '1', '134217728', '111316992', 1, 23, 1427, '23.9', 'n/a', '6.29.1', '3.22', '1', '110', '1', '0000-00-00 00:00:00', '2016-04-13 10:01:39', 'RB2011UiAS', '1d3h32m9s', '17.0623779297'),
(119, 'Sector TIlera Castle', '10.99.0.105', 30.00, '0', '2033516544', '1706426368', 98, 23, 1427, '23.4', '1078', '6.34.3 (stable)', '3.27', '1', '115', '1', '0000-00-00 00:00:00', '2016-04-13 10:01:42', 'CCR1016-12S-1S+', '5d4h52m17s', '16.0849527861'),
(120, 'Laudium', '10.100.93.129', 34.00, '0', '134217728', '102715392', 4, 23, 1427, '23.9', 'n/a', '6.30.2', '3.24', '1', '110', '1', '0000-00-00 00:00:00', '2016-04-13 10:01:44', 'RB2011UiAS', '5w6d1h10m8s', '23.4710693359'),
(121, 'Core3', '10.99.0.54', 32.00, '6', '2033582080', '1619918848', 0, 23, 1427, '23.4', '1184', '6.31', '3.27', '1', '115', '1', '0000-00-00 00:00:00', '2016-04-13 10:01:47', 'CCR1016-12S-1S+', '24w5d18h54m45s', '20.3416048985'),
(122, 'BW-Wilgers', '10.100.77.129', 35.00, '13', '134217728', '99123200', 25, 23, 1427, '23.8', 'n/a', '6.33.3 (stable)', '3.24', '1', '110', '1', '0000-00-00 00:00:00', '2016-04-13 10:01:50', 'RB2011UiAS', '11w5d2h25m1s', '26.1474609375'),
(123, 'Greenstone Block 21', '10.10.96.54', 28.00, '0', '134217728', '112599040', 2, 23, 1427, '23.7', 'n/a', '6.30.4', '3.24', '1', '110', '1', '0000-00-00 00:00:00', '2016-04-13 10:01:53', 'RB2011UiAS', '1d3h32m23s', '16.1071777344'),
(124, 'Greenstone Block 18', '10.10.96.81', 28.00, '0', '134217728', '112939008', 0, 23, 1427, '23.8', 'n/a', '6.29.1', '3.22', '1', '110', '1', '0000-00-00 00:00:00', '2016-04-13 10:01:56', 'RB2011UiAS', '1d3h32m26s', '15.8538818359'),
(125, 'Greenstone Block 24', '10.10.97.225', 31.00, '3', '134217728', '110587904', 3, 23, 1427, '23.7', 'n/a', '6.30.2', '3.24', '1', '110', '1', '0000-00-00 00:00:00', '2016-04-13 10:01:59', 'RB2011UiAS', '1d3h32m30s', '17.6055908203'),
(126, 'Urologies', '10.100.36.129', 33.00, '19', '134217728', '107053056', 9, 23, 1427, '24', 'n/a', '6.29.1', '3.22', '1', '110', '1', '0000-00-00 00:00:00', '2016-04-13 10:02:03', 'RB2011UiAS', '1w5d8h44m16s', '20.2392578125'),
(127, 'Greenstone Block 23', '10.10.97.241', 27.00, '1', '134217728', '112406528', 2, 23, 1427, '23.7', 'n/a', '6.30.4', '3.24', '1', '110', '1', '0000-00-00 00:00:00', '2016-04-13 10:02:06', 'RB2011UiAS', '1d3h32m36s', '16.2506103516'),
(129, 'Strubenkop', '10.100.95.129', 49.00, '0', '4159373312', '3771924480', 7, 23, 1427, '23.2', '1425', '6.28', '3.22', '1', '110', '1', '0000-00-00 00:00:00', '2016-04-13 10:02:09', 'CCR1036-8G-2S+', '1w2d23h36m2s', '9.3150771267'),
(132, 'Balboa Block 3', '10.10.101.30', 25.00, '0', '134217728', '111112192', 4, 23, 1427, '23.7', 'n/a', '6.29.1', '3.22', '1', '110', '1', '0000-00-00 00:00:00', '2016-04-13 10:02:12', 'RB2011UiAS', '3w3d11h16m29s', '17.2149658203'),
(135, 'Balboa Block 8', '10.10.101.58', 31.00, '4', '134217728', '110440448', 5, 23, 1427, '24.1', 'n/a', '6.29.1', '3.22', '1', '110', '1', '0000-00-00 00:00:00', '2016-04-13 10:02:16', 'RB2011UiAS', '3w3d11h16m59s', '17.7154541016'),
(136, 'Polaris', '10.100.9.129', 39.00, '0', '134217728', '103022592', 7, 23, 1427, '5', 'n/a', '6.34.3 (stable)', '3.18', '1', '110', '1', '0000-00-00 00:00:00', '2016-04-13 10:02:18', 'RB2011UiAS-2HnD', '1w2d23h38m38s', '23.2421875'),
(137, 'Balboa Block 1', '10.10.101.22', 27.00, '0', '134217728', '110284800', 2, 23, 1427, '23.6', 'n/a', '6.29.1', '3.22', '1', '110', '1', '0000-00-00 00:00:00', '2016-04-13 10:02:22', 'RB2011UiAS', '3w3d11h17m14s', '17.8314208984'),
(138, 'TFWB-Cullinan', '10.100.98.129', 35.00, '3', '134217728', '112246784', 0, 23, 1427, '23.8', 'n/a', '6.33.3 (stable)', '3.24', '1', '110', '1', '0000-00-00 00:00:00', '2016-04-13 10:02:25', 'RB2011UiAS', '4w6d5h4m5s', '16.3696289062'),
(139, 'Wipronet - Wapadrand', '192.168.67.126', 366.00, '2016', '2016/08/07 10:27', '1', 1, 23, 1427, '1', '2w 5d 12h 26m 54s ', '6.33.5 (stable)', '159', '1', '110', '3', '0000-00-00 00:00:00', '2016-04-12 07:05:27', '', '', ''),
(140, 'Balboa Block 4', '10.10.104.65', 24.00, '0', '134217728', '109662208', 0, 23, 1427, '23.7', 'n/a', '6.29.1', '3.22', '1', '110', '1', '0000-00-00 00:00:00', '2016-04-13 10:02:29', 'RB2011UiAS', '3w3d11h16m55s', '18.2952880859'),
(141, '154.119.56.254', '154.119.56.254', 33.00, '26', '2033516544', '1446641664', 1, 23, 1427, '23.3', '1397', '6.33.5 (stable)', '3.27', '1', '110', '1', '0000-00-00 00:00:00', '2016-04-13 10:02:32', 'CCR1016-12S-1S+', '5w5d14h1m52s', '28.8600986174'),
(142, 'Balboa Block 7', '10.10.102.81', 25.00, '0', '134217728', '111779840', 1, 23, 1427, '24.1', 'n/a', '6.29.1', '3.22', '1', '110', '1', '0000-00-00 00:00:00', '2016-04-13 10:02:35', 'RB2011UiAS', '1d3h33m5s', '16.7175292969'),
(143, 'Balboa Block 5', '10.10.104.145', 31.00, '4', '134217728', '108822528', 1, 23, 1427, '24.2', 'n/a', '6.29.1', '3.22', '1', '110', '1', '0000-00-00 00:00:00', '2016-04-13 10:02:38', 'RB2011UiAS', '3w3d11h17m8s', '18.9208984375'),
(144, 'Amandasig BW', '10.123.123.82', 32.00, '1', '978714624', '742785024', 33, 23, 1427, '24.1', '737', '6.34.3 (stable)', '3.27', '1', '110', '1', '0000-00-00 00:00:00', '2016-04-13 10:02:41', 'CCR1009-8G-1S', '1w5d10h41m49s', '24.1060666935'),
(145, 'Casa Salice', '10.100.81.37', 37.00, '0', '2034958336', '1754136576', 1, 23, 1427, '23.5', '933', '6.23', '3.22', '1', '110', '1', '0000-00-00 00:00:00', '2016-04-13 10:02:44', 'CCR1016-12S-1S+', '5w6d20h32m6s', '13.7998776207'),
(146, 'Greenstone Block 31', '10.10.96.14', 28.00, '6', '134217728', '109330432', 4, 23, 1427, '23.7', 'n/a', '6.29.1', '3.22', '1', '110', '1', '0000-00-00 00:00:00', '2016-04-13 10:02:47', 'RB2011UiAS', '1d3h33m17s', '18.5424804688'),
(147, 'Stanley Park Block 1', '10.10.100.22', 26.00, '3', '134217728', '115146752', 1, 23, 1427, '23.9', 'n/a', '6.23', '3.22', '1', '110', '1', '0000-00-00 00:00:00', '2016-04-13 10:02:50', 'RB2011UiAS', '26m3s', '14.208984375'),
(148, 'Greenstone Block 33', '10.10.100.46', 28.00, '4', '134217728', '112050176', 2, 23, 1427, '23.7', 'n/a', '6.29.1', '3.22', '1', '110', '1', '0000-00-00 00:00:00', '2016-04-13 10:02:53', 'RB2011UiAS', '1d3h33m23s', '16.5161132812'),
(149, 'Faerie Glen 5', '10.100.97.129', 39.00, '0', '978714624', '742785024', 13, 23, 1427, '23.9', '779', '6.34.2 (stable)', '3.26', '1', '110', '1', '0000-00-00 00:00:00', '2016-04-13 10:02:56', 'CCR1009-8G-1S', '4w6d20h', '24.1060666935'),
(150, 'Amandasig CCR', '10.100.22.129', 32.00, '2', '978714624', '742653952', 33, 23, 1427, '24', '737', '6.34.3 (stable)', '3.27', '1', '110', '1', '0000-00-00 00:00:00', '2016-04-13 10:02:59', 'CCR1009-8G-1S', '1w5d10h42m7s', '24.1194589527'),
(151, 'Monumentpark', '10.100.94.129', 28.00, '9', '134217728', '107397120', 1, 23, 1427, '24.1', 'n/a', '6.30.2', '3.24', '1', '110', '1', '0000-00-00 00:00:00', '2016-04-13 10:03:02', 'RB2011UiAS', '1w2d23h39m21s', '19.9829101562'),
(152, 'Temba New', '10.100.47.14', 45.00, '0', '978845696', '820903936', 18, 23, 1427, '24.1', '784', '6.29.1', '3.26', '1', '110', '1', '0000-00-00 00:00:00', '2016-04-13 10:03:05', 'CCR1009-8G-1S', '3h37m24s', '16.1355115158'),
(153, 'Balboa Block 6', '10.10.101.50', 26.00, '5', '134217728', '108900352', 1, 23, 1427, '24.1', 'n/a', '6.34.3 (stable)', '3.22', '1', '110', '1', '0000-00-00 00:00:00', '2016-04-13 10:03:09', 'RB2011UiAS', '3w3d11h17m43s', '18.8629150391'),
(154, 'Greenstone Block 29', '10.10.100.114', 27.00, '0', '134217728', '110940160', 1, 23, 1427, '23.7', 'n/a', '6.30.4', '3.24', '1', '110', '1', '0000-00-00 00:00:00', '2016-04-13 10:03:11', 'RB2011UiAS', '1d2h28m46s', '17.3431396484'),
(155, 'The Grove', '10.10.98.129', 34.00, '0', '2033516544', '1814888448', 6, 23, 1427, '23.6', '1151', '6.34.4 (stable)', '3.27', '1', '110', '1', '0000-00-00 00:00:00', '2016-04-13 10:03:15', 'CCR1016-12S-1S+', '2h48m54s', '10.7512327178'),
(160, 'Lammers 1 Toughswitch Sectors', '10.100.0.130', 0.00, '', '', '', 0, 0, 0, '', '', '', '', '1', '73', '2', '2016-04-08 06:23:56', '2016-04-08 06:24:27', '', '', ''),
(161, 'Lammers 3 toughswitch Sectors', '10.100.2.130', 0.00, '', '', '', 0, 0, 0, '', '', '', '', '1', '76', '2', '2016-04-08 06:36:02', '2016-04-08 06:37:06', '', '', ''),
(162, 'BW-C-SECT-N-02', '10.99.3.5', 0.00, '', '', '', 0, 0, 0, '', '', '', '', '1', '110', '2', '2016-04-08 09:08:32', '2016-04-08 09:09:03', '', '', ''),
(163, 'Lammers 1 Sector1 Maak reg asb ', '10.100.0.131', 0.00, '', '', '', 0, 0, 0, '', '', '', '', '1', '73', '2', '2016-04-11 07:27:29', '2016-04-11 07:52:19', '', '', ''),
(164, 'Lammers 1 Sector2 Maak reg asb ', '10.100.0.132', 0.00, '', '', '', 0, 0, 0, '', '', '', '', '1', '73', '2', '2016-04-11 07:28:04', '2016-04-11 07:52:21', '', '', ''),
(165, 'Lammers 1 Sector2 Maak reg asb ', '10.100.0.132', 0.00, '', '', '', 0, 0, 0, '', '', '', '', '1', '73', '2', '2016-04-11 07:28:17', '2016-04-11 07:52:23', '', '', ''),
(166, 'Lammers 1 Sector2 Maak reg asb ', '10.100.0.133', 0.00, '', '', '', 0, 0, 0, '', '', '', '', '1', '73', '2', '2016-04-11 07:29:56', '2016-04-11 07:52:25', '', '', ''),
(167, 'Lammers 1 Sector2 Maak reg asb ', '10.100.0.134', 0.00, '', '', '', 0, 0, 0, '', '', '', '', '1', '73', '2', '2016-04-11 07:31:32', '2016-04-11 08:39:26', '', '', ''),
(168, 'Lammers 1 Sector2 Maak reg asb ', '10.100.0.135', 0.00, '', '', '', 0, 0, 0, '', '', '', '', '1', '73', '2', '2016-04-11 07:33:10', '2016-04-11 08:39:43', '', '', ''),
(169, 'Lammers 1 Sector2 Maak reg asb ', '10.100.0.136', 0.00, '', '', '', 0, 0, 0, '', '', '', '', '1', '73', '2', '2016-04-11 07:34:18', '2016-04-11 07:52:38', '', '', ''),
(170, 'Lammers 2 Mikrotik', '10.100.1.129', 35.00, '20', '134217728', '100392960', 48, 0, 0, '23.8', 'n/a', '6.34.3 (stable)', '3.24', '1', '77', '1', '2016-04-11 08:02:12', '2016-04-13 10:03:37', 'RB2011UiAS', '1w2d23h39m56s', '25.2014160156'),
(171, 'Lammers 2 Toughswitch', '10.100.1.131', 0.00, '', '', '', 0, 0, 0, '', '', '', '', '1', '77', '2', '2016-04-11 08:08:28', '2016-04-11 08:26:04', '', '', ''),
(172, 'Lammers 2 Sector E', '10.100.1.132', 0.00, '', '', '', 0, 0, 0, '', '', '', '', '1', '77', '2', '2016-04-11 08:09:43', '2016-04-11 08:43:58', '', '', ''),
(173, 'Lammers 2 Sector S', '10.100.1.133', 0.00, '', '', '', 0, 0, 0, '', '', '', '', '1', '77', '2', '2016-04-11 08:10:07', '2016-04-11 08:44:47', '', '', ''),
(174, 'Lammers 2 Sector W', '10.100.1.134', 0.00, '', '', '', 0, 0, 0, '', '', '', '', '1', '77', '2', '2016-04-11 08:10:43', '2016-04-11 08:44:55', '', '', ''),
(175, 'Lammers 2 Sector SE', '10.100.1.135', 0.00, '', '', '', 0, 0, 0, '', '', '', '', '1', '77', '2', '2016-04-11 08:11:32', '2016-04-11 08:45:08', '', '', ''),
(176, 'Lammers 3 Sector NE Bo', '10.100.2.131', 0.00, '', '', '', 0, 0, 0, '', '', '', '', '1', '76', '2', '2016-04-11 08:21:12', '2016-04-11 08:45:47', '', '', ''),
(177, 'Babelegi Sector 2', '10.100.45.132', 0.00, '', '', '', 0, 0, 0, '', '', '', '', '0', '5', '2', '2016-04-11 08:21:21', '2016-04-11 08:56:12', '', '', ''),
(178, 'Lammers 3 Sector NE On', '10.100.2.132', 0.00, '', '', '', 0, 0, 0, '', '', '', '', '1', '76', '2', '2016-04-11 08:24:07', '2016-04-11 08:46:01', '', '', ''),
(179, 'Lammers 3 Sector E Bo', '10.100.2.133', 0.00, '', '', '', 0, 0, 0, '', '', '', '', '1', '76', '2', '2016-04-11 08:24:23', '2016-04-11 08:56:16', '', '', ''),
(180, 'Lammers 3 Sector E On', '10.100.2.134', 0.00, '', '', '', 0, 0, 0, '', '', '', '', '1', '76', '2', '2016-04-11 08:24:42', '2016-04-11 08:56:18', '', '', ''),
(181, 'Lammers 3 Sector 4 E', '10.100.2.135', 0.00, '', '', '', 0, 0, 0, '', '', '', '', '1', '76', '2', '2016-04-11 08:24:56', '2016-04-11 08:56:20', '', '', ''),
(182, 'Lammers 4 Mikrotik', '10.100.4.129', 0.00, '47', '67108864', '30158848', 83, 0, 0, 'n/a', 'n/a', '6.34.3 (stable)', '3.24', '1', '78', '1', '2016-04-11 08:28:04', '2016-04-13 10:04:13', 'RB2011iLS', '2w5h38m', '55.0598144531'),
(183, 'Lammers 4 Toughswitch', '10.100.4.130', 0.00, '', '', '', 0, 0, 0, '', '', '', '', '1', '78', '2', '2016-04-11 08:28:31', '2016-04-11 08:56:26', '', '', ''),
(184, 'Lammers 4 Sector NE On', '10.100.4.131', 0.00, '', '', '', 0, 0, 0, '', '', '', '', '1', '78', '2', '2016-04-11 08:28:57', '2016-04-11 08:56:28', '', '', ''),
(185, 'Lammers 4 Sector SE On', '10.100.4.132', 0.00, '', '', '', 0, 0, 0, '', '', '', '', '1', '78', '2', '2016-04-11 08:29:10', '2016-04-11 08:56:30', '', '', ''),
(186, 'Lammers 4 Sector NE Bo', '10.100.4.133', 0.00, '', '', '', 0, 0, 0, '', '', '', '', '1', '78', '2', '2016-04-11 08:31:00', '2016-04-11 08:56:32', '', '', ''),
(187, 'Lammers 4 Sector SE Bo', '10.100.4.134', 0.00, '', '', '', 0, 0, 0, '', '', '', '', '1', '78', '2', '2016-04-11 08:31:56', '2016-04-11 08:56:34', '', '', ''),
(188, 'Lammers 4 Sector SW Bo', '10.100.4.135', 0.00, '', '', '', 0, 0, 0, '', '', '', '', '1', '78', '2', '2016-04-11 08:32:09', '2016-04-11 08:56:36', '', '', ''),
(189, 'Pieter DP Toughswitch', '10.100.5.130', 0.00, '', '', '', 0, 0, 0, '', '', '', '', '1', '111', '2', '2016-04-11 08:53:00', '2016-04-11 09:41:03', '', '', ''),
(190, 'Pieter DP Sector 1 NW', '10.100.5.131', 0.00, '', '', '', 0, 0, 0, '', '', '', '', '1', '111', '2', '2016-04-11 08:53:26', '2016-04-11 09:41:05', '', '', ''),
(191, 'Pieter DP Sector 2 NE', '10.100.5.132', 0.00, '', '', '', 0, 0, 0, '', '', '', '', '1', '111', '2', '2016-04-11 08:54:02', '2016-04-11 09:41:07', '', '', ''),
(192, 'Pieter DP Sector 3 S', '10.100.5.133', 0.00, '', '', '', 0, 0, 0, '', '', '', '', '1', '111', '2', '2016-04-11 08:54:27', '2016-04-11 09:41:09', '', '', ''),
(193, 'Pieter DP Sector 4 SE', '10.100.5.134', 0.00, '', '', '', 0, 0, 0, '', '', '', '', '1', '111', '2', '2016-04-11 08:54:48', '2016-04-11 09:41:11', '', '', ''),
(194, 'Pieter DP Sector 4 SE', '10.100.5.134', 0.00, '', '', '', 0, 0, 0, '', '', '', '', '1', '111', '2', '2016-04-11 08:54:51', '2016-04-11 09:41:13', '', '', ''),
(195, 'Lyttleton Toughswitch', '10.100.6.130', 0.00, '', '', '', 0, 0, 0, '', '', '', '', '1', '94', '2', '2016-04-11 08:57:33', '2016-04-11 09:41:15', '', '', ''),
(196, 'Lyttleton Sector 1 N', '10.100.6.131', 0.00, '', '', '', 0, 0, 0, '', '', '', '', '1', '94', '2', '2016-04-11 08:58:07', '2016-04-11 09:41:17', '', '', ''),
(197, 'Lyttleton Sector 2 E', '10.100.6.132', 0.00, '', '', '', 0, 0, 0, '', '', '', '', '1', '94', '2', '2016-04-11 08:58:21', '2016-04-11 09:41:20', '', '', ''),
(198, 'Lyttleton Sector 3 S', '10.100.6.133', 0.00, '', '', '', 0, 0, 0, '', '', '', '', '1', '94', '2', '2016-04-11 08:58:41', '2016-04-11 09:41:22', '', '', ''),
(199, 'Lyttleton Sector 4 W', '10.100.6.134', 0.00, '', '', '', 0, 0, 0, '', '', '', '', '1', '94', '2', '2016-04-11 08:58:59', '2016-04-11 09:41:24', '', '', ''),
(200, 'Chamboard Bridge Blue', '10.100.17.130', 0.00, '', '', '', 0, 0, 0, '', '', '', '', '1', '46', '2', '2016-04-11 09:19:58', '2016-04-11 09:41:26', '', '', ''),
(201, 'Chamboard Sec E', '10.100.17.133', 0.00, '', '', '', 0, 0, 0, '', '', '', '', '1', '46', '2', '2016-04-11 09:20:20', '2016-04-11 09:41:28', '', '', ''),
(202, 'Chamboard Sec Blue', '10.100.17.134', 0.00, '', '', '', 0, 0, 0, '', '', '', '', '1', '46', '2', '2016-04-11 09:21:21', '2016-04-11 09:41:30', '', '', ''),
(203, 'Chamboard Green', '10.100.17.135', 0.00, '', '', '', 0, 0, 0, '', '', '', '', '1', '46', '2', '2016-04-11 10:17:17', '2016-04-11 10:44:11', '', '', ''),
(204, 'Chamboard Sec Yellow', '10.100.17.136', 0.00, '', '', '', 0, 0, 0, '', '', '', '', '1', '46', '2', '2016-04-11 10:19:14', '2016-04-11 10:20:48', '', '', ''),
(205, 'Chamboard Sec Red', '10.100.17.137', 0.00, '', '', '', 0, 0, 0, '', '', '', '', '1', '46', '2', '2016-04-11 10:19:50', '2016-04-11 10:23:15', '', '', ''),
(208, 'Chamboard Sec Blue', '10.100.17.134', 0.00, '', '', '', 0, 0, 0, '', '', '', '', '1', '46', '2', '2016-04-11 10:28:52', '2016-04-12 04:41:00', '', '', ''),
(209, 'Chamboard Sec Orange', '10.100.17.145', 0.00, '', '', '', 0, 0, 0, '', '', '', '', '1', '46', '2', '2016-04-11 10:30:20', '2016-04-12 04:41:02', '', '', ''),
(210, 'Chamboard Sec Black', '10.100.17.146', 0.00, '', '', '', 0, 0, 0, '', '', '', '', '1', '46', '2', '2016-04-11 10:30:52', '2016-04-12 04:41:04', '', '', ''),
(211, 'Chamboard Voip W', '10.100.17.139', 0.00, '', '', '', 0, 0, 0, '', '', '', '', '1', '46', '2', '2016-04-11 10:31:17', '2016-04-12 04:41:06', '', '', ''),
(212, 'Chamboard Power Monitor', '10.100.17.138', 0.00, '', '', '', 0, 0, 0, '', '', '', '', '1', '46', '3', '2016-04-11 10:31:42', '2016-04-12 06:24:06', '', '', '');

-- --------------------------------------------------------

--
-- Table structure for table `devicetypes`
--

CREATE TABLE `devicetypes` (
  `id` int(10) unsigned NOT NULL,
  `name` varchar(255) COLLATE utf8_unicode_ci NOT NULL,
  `created_at` timestamp NOT NULL DEFAULT CURRENT_TIMESTAMP ON UPDATE CURRENT_TIMESTAMP,
  `updated_at` timestamp NOT NULL DEFAULT '0000-00-00 00:00:00'
) ENGINE=InnoDB AUTO_INCREMENT=5 DEFAULT CHARSET=utf8 COLLATE=utf8_unicode_ci;

--
-- Dumping data for table `devicetypes`
--

INSERT INTO `devicetypes` (`id`, `name`, `created_at`, `updated_at`) VALUES
(1, 'Mikrotik', '2016-04-05 19:02:42', '0000-00-00 00:00:00'),
(2, 'Ubiquiti Airmax', '2016-04-08 11:03:55', '0000-00-00 00:00:00'),
(3, 'Power Monitor', '2016-04-11 10:27:28', '2016-04-11 10:27:28'),
(4, 'Ubiquiti Toughswitch', '2016-04-11 10:28:26', '2016-04-11 10:28:26');

-- --------------------------------------------------------

--
-- Table structure for table `hscontacts`
--

CREATE TABLE `hscontacts` (
  `id` int(10) unsigned NOT NULL,
  `name` varchar(255) COLLATE utf8_unicode_ci NOT NULL,
  `email` varchar(255) COLLATE utf8_unicode_ci NOT NULL,
  `cellnum` varchar(255) COLLATE utf8_unicode_ci NOT NULL,
  `cellnum2` varchar(255) COLLATE utf8_unicode_ci NOT NULL,
  `created_at` timestamp NULL DEFAULT NULL,
  `updated_at` timestamp NULL DEFAULT NULL,
  `surname` varchar(255) COLLATE utf8_unicode_ci NOT NULL,
  `address` varchar(255) COLLATE utf8_unicode_ci NOT NULL
) ENGINE=InnoDB AUTO_INCREMENT=2 DEFAULT CHARSET=utf8 COLLATE=utf8_unicode_ci;

--
-- Dumping data for table `hscontacts`
--

INSERT INTO `hscontacts` (`id`, `name`, `email`, `cellnum`, `cellnum2`, `created_at`, `updated_at`, `surname`, `address`) VALUES
(1, 'Default', 'support@bronbergwisp.co.za', '0129408234', '0129408234', '2016-04-12 07:30:35', '2016-04-12 07:30:35', 'Default', 'Bronbergcastle');

-- --------------------------------------------------------

--
-- Table structure for table `locations`
--

CREATE TABLE `locations` (
  `id` int(10) unsigned NOT NULL,
  `name` text COLLATE utf8_unicode_ci NOT NULL,
  `lat` text COLLATE utf8_unicode_ci NOT NULL,
  `lng` text COLLATE utf8_unicode_ci NOT NULL,
  `created_at` timestamp NULL DEFAULT NULL,
  `updated_at` timestamp NULL DEFAULT NULL,
  `batteries` varchar(255) COLLATE utf8_unicode_ci NOT NULL,
  `standbytime` varchar(255) COLLATE utf8_unicode_ci NOT NULL,
  `mainbackhaul` varchar(255) COLLATE utf8_unicode_ci NOT NULL,
  `backupbackhaul` varchar(255) COLLATE utf8_unicode_ci NOT NULL,
  `powermonip` varchar(255) COLLATE utf8_unicode_ci NOT NULL,
  `bwstaff_id` int(11) NOT NULL,
  `hscontact_id` int(11) NOT NULL
) ENGINE=InnoDB AUTO_INCREMENT=116 DEFAULT CHARSET=utf8 COLLATE=utf8_unicode_ci;

--
-- Dumping data for table `locations`
--

INSERT INTO `locations` (`id`, `name`, `lat`, `lng`, `created_at`, `updated_at`, `batteries`, `standbytime`, `mainbackhaul`, `backupbackhaul`, `powermonip`, `bwstaff_id`, `hscontact_id`) VALUES
(5, 'Babelegi HS', '-25.380171', '28.298284', '2016-04-04 14:26:35', '2016-04-12 06:17:12', '2', '3', 'Somewhere via Rocket', 'Somewhere else via Ligo', '', 1, 1),
(6, 'Temba Mast', '-25.385508', '28.255686', '2016-04-04 14:26:35', '2016-04-04 14:26:35', '', '', '', '', '', 2, 1),
(7, 'Stinkfinger HS', '-25.392369', '28.158847', '2016-04-04 14:26:35', '2016-04-04 14:26:35', '', '', '', '', '', 2, 1),
(8, 'Sosh HS-002', '-25.445254', '28.051592', '2016-04-04 14:26:35', '2016-04-04 14:26:35', '', '', '', '', '', 2, 1),
(9, 'Sosh HS-007', '-25.496565', '28.108399', '2016-04-04 14:26:35', '2016-04-04 14:26:35', '', '', '', '', '', 2, 1),
(10, 'Sosh HS-006', '-25.503803', '28.109050', '2016-04-04 14:26:35', '2016-04-04 14:26:35', '', '', '', '', '', 2, 1),
(11, 'Inthundla Lodge', '-25.505168', '28.419951', '2016-04-04 14:26:35', '2016-04-04 14:26:35', '', '', '', '', '', 2, 1),
(12, 'Sosh HS-005', '-25.523063', '28.075175', '2016-04-04 14:26:35', '2016-04-04 14:26:35', '', '', '', '', '', 2, 1),
(13, 'Sosh HS-001', '-25.537269', '28.101063', '2016-04-04 14:26:35', '2016-04-04 14:26:35', '', '', '', '', '', 2, 1),
(14, 'Sosh HS-003', '-25.540856', '28.066197', '2016-04-04 14:26:35', '2016-04-04 14:26:35', '', '', '', '', '', 2, 1),
(15, 'Rooiwal HS', '-25.556754', '28.235233', '2016-04-04 14:26:35', '2016-04-04 14:26:35', '', '', '', '', '', 2, 1),
(16, 'Sosh HS-008', '-25.564073', '28.085426', '2016-04-04 14:26:35', '2016-04-04 14:26:35', '', '', '', '', '', 2, 1),
(17, 'Kameelfontein HS', '-25.580708', '28.489597', '2016-04-04 14:26:35', '2016-04-04 14:26:35', '', '', '', '', '', 2, 1),
(18, 'Sosh HS-011', '-25.589038', '27.990731', '2016-04-04 14:26:35', '2016-04-04 14:26:35', '', '', '', '', '', 2, 1),
(19, 'Sosh HS-009', '-25.604338', '28.015838', '2016-04-04 14:26:35', '2016-04-04 14:26:35', '', '', '', '', '', 2, 1),
(20, 'Sosh HS-010', '-25.608928', '28.003110', '2016-04-04 14:26:35', '2016-04-04 14:26:35', '', '', '', '', '', 2, 1),
(21, 'Burkea HS', '-25.621682', '28.389531', '2016-04-04 14:26:35', '2016-04-04 14:26:35', '', '', '', '', '', 2, 1),
(22, 'Vibro Rosslyn HS', '-25.627317', '28.037115', '2016-04-04 14:26:35', '2016-04-04 14:26:35', '', '', '', '', '', 2, 1),
(23, 'Refilwe HS', '-25.638154', '28.528486', '2016-04-04 14:26:35', '2016-04-04 14:26:35', '', '', '', '', '', 2, 1),
(24, 'Cullinan HS', '-25.678417', '28.527017', '2016-04-04 14:26:35', '2016-04-04 14:26:35', '', '', '', '', '', 2, 1),
(25, 'Amanda Sig 2', '-25.684763', '28.105594', '2016-04-04 14:26:35', '2016-04-04 14:26:35', '', '', '', '', '', 2, 1),
(26, 'Amanda Sig 1', '-25.684835', '28.109842', '2016-04-04 14:26:35', '2016-04-04 14:26:35', '', '', '', '', '', 2, 1),
(27, 'Wonderboom Nek HS', '-25.690697', '28.199571', '2016-04-04 14:26:35', '2016-04-04 14:26:35', '', '', '', '', '', 2, 1),
(28, 'Wonderboom HS', '-25.691763', '28.213715', '2016-04-04 14:26:35', '2016-04-04 14:26:35', '', '', '', '', '', 2, 1),
(29, 'Magalieskruin HS', '-25.691796', '28.222203', '2016-04-04 14:26:35', '2016-04-04 14:26:35', '', '', '', '', '', 2, 1),
(30, 'Montana HS', '-25.693628', '28.268912', '2016-04-04 14:26:35', '2016-04-04 14:26:35', '', '', '', '', '', 2, 1),
(31, 'Moloto HS', '-25.695649', '28.327138', '2016-04-04 14:26:35', '2016-04-04 14:26:35', '', '', '', '', '', 2, 1),
(32, 'Waverley HS', '-25.695868', '28.268751', '2016-04-04 14:26:35', '2016-04-04 14:26:35', '', '', '', '', '', 2, 1),
(33, 'Mame HS-004', '-25.697792', '28.315821', '2016-04-04 14:26:35', '2016-04-04 14:26:35', '', '', '', '', '', 2, 1),
(34, 'Mame HS-001', '-25.698753', '28.339825', '2016-04-04 14:26:35', '2016-04-04 14:26:35', '', '', '', '', '', 2, 1),
(35, 'Mame HS-002', '-25.700722', '28.384117', '2016-04-04 14:26:35', '2016-04-04 14:26:35', '', '', '', '', '', 2, 1),
(36, 'Cable View HS', '-25.715729', '27.872336', '2016-04-04 14:26:35', '2016-04-04 14:26:35', '', '', '', '', '', 2, 1),
(37, 'Mamelodi CC', '-25.716001', '28.336969', '2016-04-04 14:26:35', '2016-04-04 14:26:35', '', '', '', '', '', 2, 1),
(38, 'Ekandastria HS', '-25.718596', '28.697393', '2016-04-04 14:26:35', '2016-04-04 14:26:35', '', '', '', '', '', 2, 1),
(39, 'Rayton HS', '-25.725517', '28.530283', '2016-04-04 14:26:35', '2016-04-04 14:26:35', '', '', '', '', '', 2, 1),
(40, 'Hercules East HS', '-25.729130', '28.147524', '2016-04-04 14:26:35', '2016-04-04 14:26:35', '', '', '', '', '', 2, 1),
(41, 'Lotus Gardens HS', '-25.732097', '28.084155', '2016-04-04 14:26:35', '2016-04-04 14:26:35', '', '', '', '', '', 2, 1),
(42, 'Meintjieskop HS', '-25.738893', '28.216263', '2016-04-04 14:26:35', '2016-04-04 14:26:35', '', '', '', '', '', 2, 1),
(43, 'Moreleta HS', '-25.739431', '28.286667', '2016-04-04 14:26:35', '2016-04-04 14:26:35', '', '', '', '', '', 2, 1),
(44, 'Urologies HS', '-25.744046', '28.238089', '2016-04-04 14:26:35', '2016-04-04 14:26:35', '', '', '', '', '', 2, 1),
(45, 'CBD HS', '-25.745506', '28.190136', '2016-04-04 14:26:35', '2016-04-04 14:26:35', '', '', '', '', '', 2, 1),
(46, 'Chamboard HS', '-25.746288', '28.314394', '2016-04-04 14:26:35', '2016-04-04 14:26:35', '', '', '', '', '', 2, 1),
(47, 'Murrayfield HS', '-25.747799', '28.313988', '2016-04-04 14:26:35', '2016-04-04 14:26:35', '', '', '', '', '', 2, 1),
(48, 'Loft Apartments HS', '-25.750006', '28.221174', '2016-04-04 14:26:35', '2016-04-04 14:26:35', '', '', '', '', '', 2, 1),
(49, 'Voortrekker HS', '-25.750569', '28.241834', '2016-04-04 14:26:35', '2016-04-04 14:26:35', '', '', '', '', '', 2, 1),
(50, 'Vibro Sandvlakte', '-25.756960', '28.607942', '2016-04-04 14:26:35', '2016-04-04 14:26:35', '', '', '', '', '', 2, 1),
(51, 'Muckleneuk HS', '-25.765200', '28.207817', '2016-04-04 14:26:35', '2016-04-04 14:26:35', '', '', '', '', '', 2, 1),
(52, 'Wilgers 4 HS', '-25.770144', '28.310210', '2016-04-04 14:26:35', '2016-04-04 14:26:35', '', '', '', '', '', 2, 1),
(53, 'Heights HS', '-25.770622', '28.163247', '2016-04-04 14:26:35', '2016-04-04 14:26:35', '', '', '', '', '', 2, 1),
(54, 'Bronkhorstspruit HS', '-25.771030', '28.722657', '2016-04-04 14:26:35', '2016-04-04 14:26:35', '', '', '', '', '', 2, 1),
(55, 'Gift Acres HS', '-25.771064', '28.295724', '2016-04-04 14:26:35', '2016-04-04 14:26:35', '', '', '', '', '', 2, 1),
(56, 'ATTR HS-001', '-25.771303', '28.085517', '2016-04-04 14:26:35', '2016-04-04 14:26:35', '', '', '', '', '', 2, 1),
(57, 'Lynnwood HS ', '-25.771548', '28.268161', '2016-04-04 14:26:35', '2016-04-04 14:26:35', '', '', '', '', '', 2, 1),
(58, 'Wilgers 2 HS', '-25.771994', '28.323514', '2016-04-04 14:26:35', '2016-04-04 14:26:35', '', '', '', '', '', 2, 1),
(59, 'Wilgers 3 HS', '-25.772122', '28.317263', '2016-04-04 14:26:35', '2016-04-04 14:26:35', '', '', '', '', '', 2, 1),
(60, 'Wilgers 1 HS', '-25.772521', '28.320963', '2016-04-04 14:26:35', '2016-04-04 14:26:35', '', '', '', '', '', 2, 1),
(61, 'Twin City', '-25.775050', '28.239884', '2016-04-04 14:26:35', '2016-04-04 14:26:35', '', '', '', '', '', 2, 1),
(62, 'Faerie Glen 4', '-25.777372', '28.317959', '2016-04-04 14:26:35', '2016-04-04 14:26:35', '', '', '', '', '', 2, 1),
(63, 'Faerie Glen 2 (Koedoesnek)', '-25.778102', '28.325134', '2016-04-04 14:26:35', '2016-04-04 14:26:35', '', '', '', '', '', 2, 1),
(64, 'Laudium HS', '-25.778192', '28.105301', '2016-04-04 14:26:35', '2016-04-04 14:26:35', '', '', '', '', '', 2, 1),
(65, 'Faerie Glen 3', '-25.778347', '28.320701', '2016-04-04 14:26:35', '2016-04-04 14:26:35', '', '', '', '', '', 2, 1),
(66, 'Wapadrand HS', '-25.779887', '28.334875', '2016-04-04 14:26:35', '2016-04-04 14:26:35', '', '', '', '', '', 2, 1),
(67, 'Faerie Glen 1', '-25.780651', '28.330541', '2016-04-04 14:26:35', '2016-04-04 14:26:35', '', '', '', '', '', 2, 1),
(68, 'Skurweplaas HS', '-25.780933', '28.079826', '2016-04-04 14:26:35', '2016-04-04 14:26:35', '', '', '', '', '', 2, 1),
(69, 'Klapperkop HS', '-25.781533', '28.214358', '2016-04-04 14:26:35', '2016-04-04 14:26:35', '', '', '', '', '', 2, 1),
(70, 'Farm Inn West HS', '-25.781887', '28.369796', '2016-04-04 14:26:35', '2016-04-04 14:26:35', '', '', '', '', '', 2, 1),
(71, 'Farm Inn Main HS', '-25.782887', '28.370544', '2016-04-04 14:26:35', '2016-04-04 14:26:35', '', '', '', '', '', 2, 1),
(72, 'ATTR HS-002', '-25.784087', '28.031854', '2016-04-04 14:26:35', '2016-04-04 14:26:35', '', '', '', '', '', 2, 1),
(73, 'Lammers 1', '-25.788142', '28.334536', '2016-04-04 14:26:35', '2016-04-12 06:21:30', '3', '5', 'Castle via Fibre', 'Castle via 3.5Ghz', '', 1, 1),
(74, 'Farm Inn East HS', '-25.788182', '28.371993', '2016-04-04 14:26:35', '2016-04-04 14:26:35', '', '', '', '', '', 2, 1),
(75, 'Trophy Medal Botique', '-25.789468', '28.295176', '2016-04-04 14:26:35', '2016-04-04 14:26:35', '', '', '', '', '', 2, 1),
(76, 'Lammers 3', '-25.790044', '28.336813', '2016-04-04 14:26:35', '2016-04-12 11:26:48', '2', '5', 'Fibre to Castle', '3.5Ghz to Castle', '', 1, 1),
(77, 'Lammers 2', '-25.790108', '28.335287', '2016-04-04 14:26:35', '2016-04-04 14:26:35', '', '', '', '', '', 2, 1),
(78, 'Lammers 4', '-25.791424', '28.337537', '2016-04-04 14:26:35', '2016-04-04 14:26:35', '', '', '', '', '', 2, 1),
(79, 'Carina HS', '-25.791940', '28.236929', '2016-04-04 14:26:35', '2016-04-04 14:26:35', '', '', '', '', '', 2, 1),
(80, 'Vibro Laudium HS', '-25.792318', '28.083012', '2016-04-04 14:26:35', '2016-04-04 14:26:35', '', '', '', '', '', 2, 1),
(81, 'Polaris HS', '-25.801014', '28.242788', '2016-04-04 14:26:35', '2016-04-04 14:26:35', '', '', '', '', '', 2, 1),
(82, 'Fokken Hoog', '-25.807964', '28.500653', '2016-04-04 14:26:35', '2016-04-04 14:26:35', '', '', '', '', '', 2, 1),
(83, 'Olympus EXT HS1', '-25.808942', '28.354849', '2016-04-04 14:26:35', '2016-04-04 14:26:35', '', '', '', '', '', 2, 1),
(84, 'Oppikoppie HS', '-25.809773', '28.272828', '2016-04-04 14:26:35', '2016-04-04 14:26:35', '', '', '', '', '', 2, 1),
(85, 'Muniforum ', '-25.809850', '28.743417', '2016-04-04 14:26:35', '2016-04-04 14:26:35', '', '', '', '', '', 2, 1),
(86, 'Rykor HS', '-25.810048', '28.393730', '2016-04-04 14:26:35', '2016-04-04 14:26:35', '', '', '', '', '', 2, 1),
(87, 'Constantia Park HS', '-25.813975', '28.273158', '2016-04-04 14:26:35', '2016-04-04 14:26:35', '', '', '', '', '', 2, 1),
(88, 'Olympus Main HS', '-25.816062', '28.348481', '2016-04-04 14:26:35', '2016-04-04 14:26:35', '', '', '', '', '', 2, 1),
(89, 'Pretoria Oos Hospitaal', '-25.820641', '28.305640', '2016-04-04 14:26:35', '2016-04-04 14:26:35', '', '', '', '', '', 2, 1),
(90, 'Erasmusrand HS', '-25.822615', '28.253117', '2016-04-04 14:26:35', '2016-04-04 14:26:35', '', '', '', '', '', 2, 1),
(91, 'French Street HS', '-25.826100', '28.284140', '2016-04-04 14:26:35', '2016-04-04 14:26:35', '', '', '', '', '', 2, 1),
(92, 'Mooikloof 1', '-25.829055', '28.338249', '2016-04-04 14:26:35', '2016-04-04 14:26:35', '', '', '', '', '', 2, 1),
(93, 'Elardus Park HS', '-25.832050', '28.285048', '2016-04-04 14:26:35', '2016-04-04 14:26:35', '', '', '', '', '', 2, 1),
(94, 'Lyttelton HS', '-25.836577', '28.198314', '2016-04-04 14:26:35', '2016-04-04 14:26:35', '', '', '', '', '', 2, 1),
(95, 'Zwavelspoort HS', '-25.838881', '28.376503', '2016-04-04 14:26:35', '2016-04-04 14:26:35', '', '', '', '', '', 2, 1),
(96, 'Mooikloof 2', '-25.840300', '28.334186', '2016-04-04 14:26:35', '2016-04-04 14:26:35', '', '', '', '', '', 2, 1),
(97, 'Bakenkop HS', '-25.851519', '28.160238', '2016-04-04 14:26:35', '2016-04-04 14:26:35', '', '', '', '', '', 2, 1),
(98, 'Vodacom', '-25.860839', '28.216634', '2016-04-04 14:26:35', '2016-04-04 14:26:35', '', '', '', '', '', 2, 1),
(99, 'Aspin HS', '-25.865124', '28.181150', '2016-04-04 14:26:35', '2016-04-04 14:26:35', '', '', '', '', '', 2, 1),
(100, 'Brakfontein HS', '-25.867649', '28.185259', '2016-04-04 14:26:35', '2016-04-04 14:26:35', '', '', '', '', '', 2, 1),
(101, 'Wrapsa HS', '-25.868643', '28.167637', '2016-04-04 14:26:35', '2016-04-04 14:26:35', '', '', '', '', '', 2, 1),
(102, 'Amberfield HS', '-25.881226', '28.136505', '2016-04-04 14:26:35', '2016-04-04 14:26:35', '', '', '', '', '', 2, 1),
(103, 'Tulip HS', '-25.883255', '28.095949', '2016-04-04 14:26:35', '2016-04-04 14:26:35', '', '', '', '', '', 2, 1),
(104, 'Bronkhorstbaai', '-25.887199', '28.687491', '2016-04-04 14:26:35', '2016-04-04 14:26:35', '', '', '', '', '', 2, 1),
(105, 'Mnandi HS', '-25.892342', '28.085783', '2016-04-04 14:26:35', '2016-04-04 14:26:35', '', '', '', '', '', 2, 1),
(106, 'St Georges HS', '-25.898123', '28.248804', '2016-04-04 14:26:35', '2016-04-04 14:26:35', '', '', '', '', '', 2, 1),
(107, 'Rooihuiskraal HS', '-25.906155', '28.156622', '2016-04-04 14:26:35', '2016-04-04 14:26:35', '', '', '', '', '', 2, 1),
(108, 'Kusile', '-25.914515', '28.924522', '2016-04-04 14:26:35', '2016-04-04 14:26:35', '', '', '', '', '', 2, 1),
(109, 'Gomes HS', '-25.918182', '28.010613', '2016-04-04 14:26:35', '2016-04-04 14:26:35', '', '', '', '', '', 2, 1),
(110, 'Bronbergcastle', '-25.780445', '28.332683', NULL, NULL, '', '', '', '', '', 2, 1),
(111, 'Pieter Delport', '-25.380171', '28.298284', '2016-04-11 08:38:23', '2016-04-11 08:40:52', '', '', '', '', '', 2, 1),
(113, 'Groenkloof', '-25', '28', NULL, NULL, '', '', '', '', '', 2, 1),
(114, 'MenloPark', '-25', '28', NULL, NULL, '', '', '', '', '', 2, 1),
(115, 'Bronbergcastle Server room', '-25.780445', '28.332683', NULL, NULL, '', '', '', '', '', 2, 1);

-- --------------------------------------------------------

--
-- Table structure for table `migrations`
--

CREATE TABLE `migrations` (
  `migration` varchar(255) COLLATE utf8_unicode_ci NOT NULL,
  `batch` int(11) NOT NULL
) ENGINE=InnoDB DEFAULT CHARSET=utf8 COLLATE=utf8_unicode_ci;

--
-- Dumping data for table `migrations`
--

INSERT INTO `migrations` (`migration`, `batch`) VALUES
('2014_10_12_000000_create_users_table', 1),
('2014_10_12_100000_create_password_resets_table', 1),
('2016_03_29_070329_create_devices_table', 2),
('2016_03_29_070332_create_locations_table', 2),
('2016_03_29_084526_create_devices_table', 3),
('2016_03_29_084604_create_locations_table', 4),
('2016_03_29_091613_update_devices_table', 5),
('2016_04_04_131835_create_devicetypes_table', 6),
('2016_04_04_132417_create_devicetypes_table', 7),
('2016_04_05_130107_update_devices_table', 8),
('2016_04_05_130411_update_devices_table2', 9),
('2016_04_05_130639_update_devices_table3', 10),
('2016_04_05_190359_update_devices_table4', 11),
('2016_04_11_122638_update_devicetype_table_4', 12),
('2016_04_11_123307_update_locations_table_3', 13),
('2016_04_11_125232_create_bwstaff_table', 14),
('2016_04_11_132845_update_bwstaff_table', 15),
('2016_04_12_070610_update_location_table_4', 16),
('2016_04_12_091505_create_hscontacts_table', 17),
('2016_04_12_092432_update_hscontacts_table_4', 18),
('2016_04_12_092538_update_locations_table_5', 19),
('2016_04_12_092716_update_hscontacts_table_6', 20),
('2016_04_12_093015_update_hscontacts_table_7', 21);

-- --------------------------------------------------------

--
-- Table structure for table `password_resets`
--

CREATE TABLE `password_resets` (
  `email` varchar(255) COLLATE utf8_unicode_ci NOT NULL,
  `token` varchar(255) COLLATE utf8_unicode_ci NOT NULL,
  `created_at` timestamp NOT NULL DEFAULT CURRENT_TIMESTAMP ON UPDATE CURRENT_TIMESTAMP
) ENGINE=InnoDB DEFAULT CHARSET=utf8 COLLATE=utf8_unicode_ci;

-- --------------------------------------------------------

--
-- Table structure for table `users`
--

CREATE TABLE `users` (
  `id` int(10) unsigned NOT NULL,
  `name` varchar(255) COLLATE utf8_unicode_ci NOT NULL,
  `email` varchar(255) COLLATE utf8_unicode_ci NOT NULL,
  `password` varchar(255) COLLATE utf8_unicode_ci NOT NULL,
  `remember_token` varchar(100) COLLATE utf8_unicode_ci DEFAULT NULL,
  `created_at` timestamp NULL DEFAULT NULL,
  `updated_at` timestamp NULL DEFAULT NULL
) ENGINE=InnoDB AUTO_INCREMENT=6 DEFAULT CHARSET=utf8 COLLATE=utf8_unicode_ci;

--
-- Dumping data for table `users`
--

INSERT INTO `users` (`id`, `name`, `email`, `password`, `remember_token`, `created_at`, `updated_at`) VALUES
(1, 'Jacques', 'jacques@bronbergwisp.co.za', '$2y$10$GzUxFOJ9sHjbr5P0gZoH6.Ea/aWr06yc5rf66Yp.AM45tckyAO4We', 'X3d0EmcAMBbqyIs1yk7xcMBj0PcXpCwyIt2Ur4L7OjDy1uw0CVhRK8fy4r4r', '2016-03-29 04:26:10', '2016-04-12 11:46:35'),
(2, 'Eugene van der Merwe', 'eugene@snowball.co.za', '$2y$10$yLoqNX/zJkxcgHXDgeFv7O94Fzw/18IqlPPiOkRQfW6D1QemGm6hO', NULL, '2016-04-08 11:12:16', '2016-04-08 11:12:16'),
(3, 'Ryno', 'ryno@bronbergwisp.co.za', '$2y$10$OK9A7qR1wWa2f.KPnGyOnuIG7Kwb6jWTjfLV4YuTWzrxYVyLDn2aq', NULL, '2016-04-11 05:39:47', '2016-04-11 05:39:47'),
(4, 'Jacques Lightfoot', 'jacquesl@bronbergwisp.co.za', '$2y$10$Jc6UKDR7ER/vNmvsPOndXedt0Deow4zC2mcKQESeWaHgc/PIaQP/i', NULL, '2016-04-11 07:18:58', '2016-04-11 07:18:58'),
(5, 'Jared Honey', 'jared@projectisizwe.org', '$2y$10$ggA09yly5RWQWZtx5zUgWe2xe3w2q5AVrqbXrGuymzyoC7Q.uYNvO', NULL, '2016-04-12 10:38:55', '2016-04-12 10:38:55');

--
-- Indexes for dumped tables
--

--
-- Indexes for table `bwstaffs`
--
ALTER TABLE `bwstaffs`
  ADD PRIMARY KEY (`id`);

--
-- Indexes for table `devices`
--
ALTER TABLE `devices`
  ADD PRIMARY KEY (`id`);

--
-- Indexes for table `devicetypes`
--
ALTER TABLE `devicetypes`
  ADD PRIMARY KEY (`id`);

--
-- Indexes for table `hscontacts`
--
ALTER TABLE `hscontacts`
  ADD PRIMARY KEY (`id`);

--
-- Indexes for table `locations`
--
ALTER TABLE `locations`
  ADD PRIMARY KEY (`id`);

--
-- Indexes for table `password_resets`
--
ALTER TABLE `password_resets`
  ADD KEY `password_resets_email_index` (`email`),
  ADD KEY `password_resets_token_index` (`token`);

--
-- Indexes for table `users`
--
ALTER TABLE `users`
  ADD PRIMARY KEY (`id`),
  ADD UNIQUE KEY `users_email_unique` (`email`);

--
-- AUTO_INCREMENT for dumped tables
--

--
-- AUTO_INCREMENT for table `bwstaffs`
--
ALTER TABLE `bwstaffs`
  MODIFY `id` int(10) unsigned NOT NULL AUTO_INCREMENT,AUTO_INCREMENT=3;
--
-- AUTO_INCREMENT for table `devices`
--
ALTER TABLE `devices`
  MODIFY `id` int(10) unsigned NOT NULL AUTO_INCREMENT,AUTO_INCREMENT=213;
--
-- AUTO_INCREMENT for table `devicetypes`
--
ALTER TABLE `devicetypes`
  MODIFY `id` int(10) unsigned NOT NULL AUTO_INCREMENT,AUTO_INCREMENT=5;
--
-- AUTO_INCREMENT for table `hscontacts`
--
ALTER TABLE `hscontacts`
  MODIFY `id` int(10) unsigned NOT NULL AUTO_INCREMENT,AUTO_INCREMENT=2;
--
-- AUTO_INCREMENT for table `locations`
--
ALTER TABLE `locations`
  MODIFY `id` int(10) unsigned NOT NULL AUTO_INCREMENT,AUTO_INCREMENT=116;
--
-- AUTO_INCREMENT for table `users`
--
ALTER TABLE `users`
  MODIFY `id` int(10) unsigned NOT NULL AUTO_INCREMENT,AUTO_INCREMENT=6;
